UniProt_ID,PDB_ID,Resolution
A0A023FDY8,7SO0,1.74
A0A024RAV5,7O83,2.38
A0A075B6C4,7N5C,1.87
A0A075B6U7,7NDQ,2.551
A0A087WT03,7NDT,2.999
A0A087X096,7NDT,2.999
A0A094NJQ6,6PJX,1.96
A0A096ZH83,8F5N,1.9
A0A0B4J200,7NDT,2.999
A0A0B4J268,7NDQ,2.551
A0A0C4DH28,7RYL,2.0
A0A0C9S461,8FK6,1.74
A0A0G2LB96,7N5C,1.87
A0A0H2US87,7WR3,1.87
A0A0J9YX06,7NDQ,2.551
A0A0K8RMA7,7PK4,1.92
A0A0M3KKW8,8F9Z,1.94
A0A0M3KKW9,7SX7,2.15
A0A125YMZ8,8UI6,2.65
A0A140T913,7MJ9,1.75
A0A140T9X5,7TR4,2.3
A0A143ZWD5,7F9M,2.9
A0A1B0GX56,7RYL,2.0
A0A1X8XLE9,7YXR,2.5
A0A2R8Y7R8,7N2P,2.5
A0A2S3R7M0,8KA0,2.35
A0A2U3QWA1,8EFX,1.85
A0A346FJK3,8GTI,2.2
A0A583ZB34,7OW4,1.81
A0A5B0,7NDT,2.999
A0A5B9,7NDT,2.999
A0A678ZGP6,7STG,2.7
A0A6C0TB04,6UYN,2.85
A0A6J0CLW1,7P99,1.8
A0A6P3TCJ9,7Z0F,2.396
A0A6P7DY20,7Z0F,2.396
A0A6S7XV52,7SR5,2.35
A0A7T3RIT5,8ZV9,2.6
A0A8B6IYA1,8A47,2.338
A0A8I3N7V2,7BFI,2.44
A0A9P1NJI6,8BJH,1.69
A0AVT1,7SOL,2.25000635563
A3F718,8CX4,2.2
A4D1P6,8KB8,2.49
A5KDR7,8A44,2.49
A7ZKJ7,8TVT,2.0
A8MUM7,6LJQ,1.49
A8MW92,6L1C,1.58
A8MW95,8GT9,2.0
B1EF49,6W9S,2.1
B4XEP4,8VQR,2.565
B6S6I4,7NDQ,2.551
B9V973,8AE5,2.29
C1K0Y1,6ULI,1.88
C5IYE8,8RCV,1.65
D2KZ37,8ESH,2.72
D6R938,8USO,2.3
D6WWN1,7OJE,2.05
D7RIG0,8CMH,1.64
D7SFB8,8Q00,1.62
D9IEF7,6XOO,2.06
E7EWM1,7RNM,1.9
F2Z3D5,8JKN,2.92
F5HDB7,7B7N,2.69
F6IR24,7SRK,2.5
F8L9T9,8CMR,2.24
G3I8R9,7B7Z,1.7
G8UM88,8B2N,1.85
I3ZN83,9C6V,1.7
K7ERP4,8Q8J,2.0
K7N5M4,7N5C,1.87
K7N5N2,7N5C,1.87
K9MP28,8AHN,1.8
M4MD44,7APJ,2.05
O00141,7PUE,2.506
O00214,6W4Z,1.59
O00255,8E90,1.85
O00370,7N8S,2.79
O00512,8Y0P,2.62
O00571,7YMF,2.3
O09039,8CZ9,1.65
O14526,7OHI,1.41
O14640,6LCB,1.4
O14733,6YG0,2.0
O14744,7MXG,2.395
O14757,9CE4,1.31
O14786,8PFE,1.35
O14807,7TXH,1.95
O14944,7LEN,2.9
O14965,7ZTL,1.9
O14980,7B51,2.58
O15075,6KYR,2.206
O15151,7KJN,2.8
O15169,8RU3,2.001
O15178,7ZKF,1.49
O15297,8T2J,1.8
O15305,7O58,1.97
O15393,8V04,1.58
O15525,7X5G,2.3
O15527,6W0R,2.35
O15530,8DQT,1.31
O15533,7QNG,2.7
O19707,6XC9,2.4
O19712,8W84,2.105
O28751,7WR6,1.96
O35625,8VME,2.3
O43157,7VF3,2.29
O43236,6WB3,1.35
O43521,6X8O,1.31
O43586,7AAL,1.97
O43598,8QHR,1.65
O43614,7XRR,2.89
O43708,8E8P,2.281
O43715,8AG0,2.7
O43791,7LIN,1.44
O43813,8D0V,1.79
O43837,8GRD,2.699
O43927,6VGJ,2.52
O60216,8ROE,1.36
O60235,8VIS,1.59
O60260,8WZN,1.8
O60341,7JK7,1.96
O60568,6TEX,2.3
O60671,8WU8,2.81
O60673,6WS0,2.24
O60674,8BA3,1.4
O60844,7O4P,1.08
O60885,9F1J,1.13003035503
O60895,6V2E,1.83
O60911,7QGW,1.3
O60921,8WU8,2.81
O60930,6VRD,1.299
O60939,6VRR,1.45
O66738,7D8S,2.28
O74036,8C3N,1.21
O75030,7D8S,2.28
O75113,8T48,2.0
O75164,9GII,1.7
O75334,7D2G,1.7
O75351,7L9X,2.81
O75376,6XZZ,1.39
O75385,8P5I,1.829
O75417,7ZUS,2.26
O75469,6TFI,1.85
O75531,7Z21,1.629
O75581,8DVM,2.0
O75592,6T7F,2.58
O75874,8VHB,1.89
O75909,8BU1,2.98
O76038,8BAV,2.3
O89752,7N5Q,1.76
O94874,8C0D,2.564
O94925,7SBN,2.14
O95166,7BRQ,1.404
O95197,7BRU,2.149
O95255,6P7F,2.85003990159
O95619,8IIZ,2.1
O95718,6LIT,2.0
O95831,8D3E,2.38
O95858,7RDB,2.52
O95948,8T11,2.91
O95970,8HQ2,2.93
O96013,8AHG,1.885
O96028,9EXY,1.699
O97373,7PHX,1.8
P00268,7F1T,2.6
P00323,7DDZ,2.8
P00352,7JWS,1.6
P00387,7TNV,1.93
P00441,6Z3V,1.25
P00451,9D5D,1.83
P00492,8TPV,2.27
P00519,7PVS,1.05
P00533,8A2D,1.11
P00568,7DE3,2.197
P00720,6XYR,2.079
P00734,7PHX,1.8
P00740,8EPH,1.88
P00742,6YYX,1.53
P00747,8F7U,1.47
P00749,7ZRR,1.64
P00918,6KLZ,0.9
P00995,7QE9,2.1
P01009,7NPK,1.83
P01033,7S7L,2.34
P01106,8X8V,2.0
P01111,7F68,1.24
P01112,8FG3,1.49
P01116,8ONV,1.01
P01137,8UDZ,2.21
P01275,6PHK,1.18
P01303,7RTA,2.6
P01308,6VER,1.047
P01848,7RYL,2.0
P01850,7RYL,2.0
P01857,6YT7,1.55
P01859,7LUS,2.45
P01861,6WMH,2.3
P01887,8FHU,1.801
P01889,6UJ7,1.9
P01899,7N5Q,1.76
P01900,8FHU,1.801
P01903,8PJF,1.48
P01909,8W84,2.105
P01911,8PJF,1.48
P02259,7C0J,2.75
P02511,7ROJ,1.6
P02545,8I33,1.62
P02649,7FCR,1.4
P02689,7NRW,2.0
P02751,8PEQ,2.32
P02766,8W45,1.1
P02786,6Y76,1.98
P02787,7FFU,2.601
P02794,6WYF,1.25
P03088,7PA7,2.6
P03129,7SR3,2.49
P03366,7AII,2.62
P03372,7BAA,1.1
P03407,8F2P,2.63
P03437,8PJF,1.48
P03950,7PNR,1.6
P03951,7MBO,0.924
P03952,8A3Q,1.801
P03971,7L0J,2.6
P04004,7RJ9,1.7
P04049,8A6F,1.6
P04075,6XML,1.88
P04150,8VKZ,2.133
P04156,6SV2,2.3
P04179,8VJ4,1.68
P04198,7ZTL,1.9
P04275,7F49,2.09
P04278,6ULB,1.75
P04435,7NDQ,2.551
P04439,7L1C,1.96
P04440,7T2B,2.8
P04629,8J5X,2.09192247704
P04637,9C5S,1.01
P04908,8UQA,2.049
P05067,7OXN,2.5
P05091,8DR9,1.5
P05093,6WR1,1.85
P05109,8SJB,1.74
P05121,7AQF,1.77
P05161,6XA9,2.9
P05413,7V2G,0.98
P06126,7RYN,2.7
P06213,8DWN,2.15
P06241,7A2P,0.9
P06276,6ZWI,1.85
P06702,8SJB,1.74
P06734,6Y0M,1.5
P06746,6PKZ,2.74
P06748,8AH2,2.9
P06804,7KP7,2.65
P07148,7DZK,1.54
P07237,8GDY,2.05
P07320,6W5B,1.15
P07332,7T1K,1.25
P07333,8JOT,1.69
P07355,7QQM,1.6
P07477,7QE9,2.1
P07711,7Z58,1.35
P07737,8BJH,1.69
P07858,8B4T,1.45
P07900,8X2R,1.45
P07954,6VBE,1.899
P08254,7S7L,2.34
P08263,8BHC,1.56
P08397,7AAK,1.7
P08581,9C1R,1.59
P08588,7BVQ,2.5
P08631,8F2P,2.63
P08637,7SEG,2.156
P08669,7S8H,2.7
P08670,8TRR,2.65
P08684,7UFE,2.4
P08887,7DC8,2.757
P09012,6SQT,1.84
P09038,8HU7,1.4
P09237,8JUG,1.3
P09382,6M5Y,1.38
P09467,7C9Q,1.878
P09622,7PSC,2.436
P09651,9F1S,1.5
P09758,7PEE,2.81
P09769,7UY0,2.55
P09803,7AR4,2.6
P09874,7AAC,1.593
P09917,6NCF,2.871
P09936,8DY8,2.1
P0A3G3,8B6Q,2.6
P0A6A8,6WIH,1.9
P0AA25,7SCE,2.75
P0ABE7,6LPJ,1.8
P0AEX9,8AX9,1.549
P0C671,8IGC,1.697
P0CG47,7S6O,1.25
P0CG48,7UV5,1.45
P0DJM0,8H62,1.91
P0DJZ2,6KFT,2.51
P0DMV9,7F50,1.703
P0DOX5,6YT7,1.55
P0DP23,7ZRQ,1.68
P0DP24,8KA0,2.35
P0DPK5,7ZDD,1.625
P0DSE1,7NDQ,2.551
P0DTC2,7Y8J,1.03
P0DTC9,8TH1,1.8
P0DTD1,7UV5,1.45
P10082,7RT9,1.9
P10147,7F1T,2.6
P10153,6SSO,1.211
P10253,7P32,1.82
P10275,7ZTZ,1.4
P10276,7WQQ,1.9
P10398,9AXM,2.42
P10415,7YA5,1.85
P10451,9EOU,1.55
P10588,8C5L,2.6
P10636,6XLI,2.0
P10721,8PQD,1.5
P10747,7PPN,1.9
P10852,6SUA,2.75
P10949,8A4A,2.52
P10997,7BG0,2.89
P11021,6ZMD,2.64
P11041,8X8V,2.0
P11169,7SPT,2.1
P11172,7Q1H,1.31
P11229,6ZFZ,2.17
P11234,6ZRN,1.482
P11309,8R18,1.89
P11362,7OZB,1.71
P11413,7SEH,2.9
P11474,7E2E,2.7
P11684,7VF3,2.29
P11712,7RL2,2.23
P11798,7B56,1.45
P11802,7SJ3,2.51
P11926,7U6U,1.85
P12272,7UZO,1.3
P12318,8CHA,1.81
P12493,6PU1,2.28
P12497,7ZUD,2.93
P12506,8CCZ,1.95
P12821,7Q27,1.5
P12830,8H62,1.91
P12931,8GWH,2.0
P12955,6SRE,1.39
P13498,7YXW,2.5
P13500,7SO0,1.74
P13501,6STK,1.52
P13569,6WBS,1.857
P13671,7Q6C,2.29274
P13688,6XO1,1.758
P13747,6ZKX,2.17
P13848,6YJD,2.9
P14174,7KQX,1.6
P14598,7YXW,2.5
P14618,6WP3,1.84
P14679,7RK7,2.54
P14735,7K1F,2.6
P14902,7NGE,2.3
P14920,8HY5,2.1
P15056,8JNB,1.62
P15090,7G0Z,0.84
P15121,8A4N,0.93
P15207,7ZTV,1.94
P15311,7T1K,1.25
P15336,6ZQS,1.95
P15538,7E7F,1.4
P15941,8AXH,1.85
P16083,7O4D,2.249
P16104,6ZWK,1.55
P16154,7U2P,2.596
P16213,7SR5,2.35
P16234,8PQK,2.0
P16410,7CIO,1.1
P17096,8CPG,1.4
P17252,8U37,2.48
P17356,7NUF,2.00040159011
P17427,7OHI,1.41
P17706,6ZZ4,2.43
P17931,8ITZ,1.22
P17947,8EK3,1.38
P18014,7WJQ,2.7
P18031,7MN9,1.24
P18084,7S47,2.0
P18507,8BHG,2.39
P18858,7L34,1.901
P18887,6WH1,2.4
P19113,7EIX,1.9
P19397,6WVG,2.9
P19429,7SC2,1.814
P19438,7KP7,2.65
P19440,7LD9,1.42
P19474,7BBD,2.2
P19544,7SR5,2.35
P19652,7OUB,1.82
P19784,6TGU,0.833
P20036,7T2B,2.8
P20337,8A4C,2.75
P20393,8D8I,2.504
P20809,8DPV,1.48
P20936,6WAX,1.5
P21359,6V6F,2.542
P21549,7NS7,2.2
P21554,7FEE,2.7
P21579,6U4U,1.3
P21589,7PBY,1.13
P21695,6PYP,1.95
P21802,7KIA,2.22
P22455,8KH9,1.42
P22607,8UDU,1.737
P22626,6WPQ,1.1
P22681,7SIY,1.48
P22734,7UD6,2.59
P22830,7CT7,2.0
P22914,7N38,1.22
P23246,7SP0,1.83
P23368,7BSJ,2.48
P23443,7N93,2.74
P23458,8EXJ,2.301
P23511,8QU4,1.38
P23895,7MH6,2.85
P24462,7MK8,2.15
P24666,6Y2W,1.77
P24723,8FP1,1.85
P24821,8FNB,1.8
P24941,8RU8,1.51
P25098,7PWD,2.6
P25208,8QU4,1.38
P25440,7VRQ,1.15
P25774,8PI3,1.73
P25815,7NMI,2.1
P26038,8CIU,2.393
P26368,6XLV,1.4
P26718,8EA7,1.28
P27540,6X21,1.54
P27695,7MEV,1.6
P27707,7ZIA,1.7
P27708,8PBM,1.28
P27915,7A3T,2.65
P27986,7CIO,1.1
P28223,7WC8,2.45
P28329,7AMD,2.25
P28330,8W0Z,2.0
P28482,8U8J,2.1
P28700,7PDQ,1.58
P28907,6VUA,1.5
P29016,7MX4,1.73
P29017,7MX4,1.73
P29274,6LPJ,1.8
P29317,7KJC,2.3
P29373,7OXW,1.16
P29460,8CR8,2.0
P29474,8UFT,1.78
P29475,8BI9,1.44
P29590,8J25,2.6
P29597,6X8F,2.15
P29762,7A9Y,1.64
P30046,7MW7,1.1
P30052,8A8Q,1.465
P30101,7QNG,2.7
P30281,7SJ3,2.51
P30405,7R2H,0.79
P30550,7W41,2.952
P30659,7JQD,2.7
P30822,7CND,1.8
P30837,7MJD,2.12
P30968,7BR3,2.79
P31415,8F48,2.9
P31644,8BHG,2.39
P31749,7MYX,1.39
P31751,9C1W,2.0
P31785,8ENT,2.83
P31941,8FIK,1.912
P31947,7BAA,1.1
P32238,7F8Y,2.5
P32245,8WKY,2.9
P32322,8DKG,1.85
P32456,7M1S,2.91
P33763,6WN7,1.25
P34897,8GKZ,2.75
P34947,6PJX,1.96
P34998,8GTI,2.2
P35222,8RU3,2.001
P35318,6V2E,1.83
P35414,7SUS,2.7
P35520,8STW,2.4
P35568,7PPM,1.48
P35609,7B56,1.45
P35613,7DAA,2.51
P35637,7CYL,2.7
P35968,6XVJ,1.78
P36544,8P1H,1.95
P36639,8I1F,1.05
P36871,7S0W,2.5
P36969,7L8K,1.38
P37173,7DV6,2.39
P37231,6T1S,1.65
P38533,7NA5,2.5
P38571,6V7N,2.62
P39900,7OVY,1.24
P40261,7EGU,1.9
P40337,8QW6,2.2
P40692,6WBC,2.15
P40967,6VM8,2.41
P41182,7LWE,1.17
P41212,7TDY,1.53
P41586,7JQD,2.7
P41594,7P2L,2.54
P41597,7P8X,1.4
P41920,7CND,1.8
P42212,6WVH,1.99
P42224,7NUF,2.00040159011
P42261,6X5Q,2.14
P42330,9FFD,1.75
P42336,7L1C,1.96
P42345,8PPZ,1.85
P42568,8PJ7,1.26
P43026,7ZJF,1.3
P43166,8Q3U,1.1
P43235,6PXF,1.85
P43403,7SIY,1.48
P45379,8FMT,2.8
P45983,8PTA,2.41
P45984,7CML,2.15
P46937,8A8Q,1.465
P47898,7UM4,2.8
P47929,7TRO,1.8
P48637,8FBZ,1.59
P48735,6UJ7,1.9
P49137,6T8X,2.81
P49146,7DDZ,2.8
P49366,8A0F,1.64
P49407,8AS4,2.3
P49419,6V0Z,2.02
P49662,7WR6,1.96
P49675,6T5H,2.04
P49711,8SST,2.19
P49736,7CIZ,1.8
P49759,6Z50,1.6
P49761,6YTY,1.76
P49771,7NBI,1.65
P49773,7Q2U,2.27
P49789,7P8P,2.34
P49791,7MO5,1.55
P49792,7MNR,1.8
P49842,8YCM,1.32
P49913,7NPQ,1.5
P49916,6WH1,2.4
P49917,7D9Y,2.76
P50120,8VZZ,1.22
P50213,8GRH,2.506
P50613,8R9A,1.71
P51149,7F6J,2.1
P51151,7E1T,2.45
P51159,7OPQ,2.23
P51449,7NP5,1.55
P51553,8GRH,2.506
P51570,6ZGX,1.86
P51587,8C3N,1.21
P51659,6Z1X,2.09
P51668,7ZJ3,2.53
P51681,7F1T,2.6
P51784,8OYP,2.44
P51787,7VVH,2.296
P51813,6I99,2.001
P51965,8IYA,2.43
P52293,7JK7,1.96
P52333,8EXM,2.349
P52564,8PM3,2.0
P52732,6TLE,1.75
P53597,7MSR,1.58
P53671,8GI4,2.06
P53805,6UUQ,1.849
P53816,7C41,2.276
P53992,6PU1,2.28
P54278,7RCB,2.0
P54687,7NWA,1.59
P54725,6W2G,1.1
P54764,7OFV,1.43
P54855,7CJX,1.98641400743
P55055,6K9M,2.9
P55064,7STC,2.25
P55072,7PUX,1.73
P55265,7C0J,2.75
P55899,6WNA,2.4
P55957,7QTW,1.41
P57789,8QZ3,2.4
P58335,8FT8,1.6
P60174,7RDE,1.31
P60520,7YO8,1.805
P60568,7M2G,1.79
P60604,8T0S,1.95
P60842,7PPZ,2.52
P60880,8BAV,2.3
P60953,8I5F,2.8
P61006,6SQ2,1.684
P61011,6Y30,2.65
P61077,8UQA,2.049
P61086,7MYH,2.394
P61088,6ULH,1.968
P61224,7C7I,2.28
P61244,7RCU,2.69
P61586,6V6U,1.16
P61587,8B2K,1.4
P61626,7AP7,1.15
P61769,7NMR,1.15
P61812,8FXV,2.2
P61925,6X2V,2.822
P61960,8BZR,1.781
P61964,7BCY,1.5
P62136,7T0Y,1.8
P62508,6XXC,1.3
P62723,8CX4,2.2
P62805,7M98,1.6
P62820,7EQ2,1.55090284637
P62826,7MO5,1.55
P62837,6SQO,1.41
P62871,7PWD,2.6
P62937,8TBK,1.26
P62942,8CHM,1.12
P62979,6SQO,1.41
P62987,8IKM,1.92
P63000,8I5V,1.726
P63086,7UGB,1.9
P63104,8P1H,1.95
P63165,8ODR,2.85
P63212,7PWD,2.6
P63261,6WK2,1.76
P63279,6SYF,1.9
P63316,7SC2,1.814
P68032,8GT1,1.35
P68135,8BJH,1.69
P68400,8AEC,1.09
P68431,8IIZ,2.1
P68871,7DY4,1.3
P68874,7UA2,2.19
P69326,7SOL,2.25000635563
P69892,7QU4,1.66
P69905,7DY4,1.3
P78352,8AH8,1.5
P78356,7EM4,2.8
P78563,8E0F,2.7
P80075,7S5A,1.37
P80098,8FK6,1.74
P80188,6Z6Z,1.78
P83052,7JQK,1.33
P84077,8SDW,1.75
P84243,7CIZ,1.8
P98088,8UI6,2.65
P99999,6XNK,2.08
P9WGR1,6ZKX,2.17
Q00266,6SW6,2.85
Q00577,8CHV,2.15
Q00987,6SQO,1.41
Q02224,8HFH,1.8
Q02750,9AXX,2.07
Q02817,8CK2,1.5
Q03111,7B0T,2.05
Q03164,6U9N,1.95
Q03431,7UZO,1.3
Q03933,7DCI,1.7
Q04206,7NVI,1.2
Q04609,6SGP,1.58
Q04771,5S75,1.3
Q04917,7NMZ,2.303
Q04IN8,7T2B,2.8
Q05193,6S9A,1.86
Q05315,8JAE,1.62
Q05901,8A5U,2.4
Q06124,7PPM,1.48
Q06187,8FLN,1.334
Q06210,7NDL,2.223
Q06278,7OPN,2.6
Q06830,8X73,1.61
Q07666,7ZAB,2.46
Q07812,8SVK,2.25
Q07817,7LH7,1.409
Q07820,8EKX,1.55
Q07889,8BE4,1.9
Q07912,8THA,1.68
Q07960,7QSC,1.91
Q08209,6UUQ,1.849
Q08345,7AYM,2.12
Q08722,7XJF,2.6
Q09472,7VHZ,2.0
Q09906,7YO8,1.805
Q12306,6UKZ,1.52
Q12778,8A62,1.6
Q12791,6V5A,2.0
Q12797,6YYX,1.53
Q12864,6ULM,2.15
Q12866,7AB0,1.74
Q12888,7LIN,1.44
Q12974,6WUR,2.882
Q13153,8X5Z,1.8
Q13224,7UJR,1.95
Q13283,8TH1,1.8
Q13285,7KHT,2.504
Q13342,8J71,1.85
Q13363,7KWM,2.3
Q13370,8SYC,2.7
Q13422,8RQC,2.15
Q13451,7AOT,0.85
Q13470,7TDY,1.53
Q13526,6VAJ,1.42
Q13546,7FD0,2.0
Q13557,7ZRQ,1.68
Q13591,8CKG,1.714
Q13822,8C3P,2.38
Q13873,6UNP,2.3
Q13885,8V3O,2.3
Q13952,8QU4,1.38
Q13976,7MBJ,1.26
Q14011,8CMK,2.945
Q14145,7EXI,1.82
Q14191,8PFP,1.6
Q14315,7P0E,1.6
Q14683,8ROE,1.36
Q14684,7T0Y,1.8
Q15046,7EA9,2.5
Q15047,8IYA,2.43
Q15116,8U32,2.51
Q15181,8J7Q,1.69
Q15291,7W67,2.194
Q15306,6TD4,1.71
Q15311,6ZRN,1.482
Q15369,8QW6,2.2
Q15370,8QW6,2.2
Q15375,7EEF,2.6
Q15382,7BTD,2.0
Q15466,7YXR,2.5
Q15561,8A8R,1.696
Q15582,7ASG,2.0
Q15596,7NFB,1.33
Q15652,9GDK,1.78
Q15722,7K15,2.88
Q15788,7XVY,1.544
Q15819,7BBD,2.2
Q15843,8WZN,1.8
Q16181,6UQQ,2.75
Q16222,6Z2F,1.7
Q16236,8EJR,2.08
Q16531,8BU1,2.98
Q16539,6ZQS,1.95
Q16548,6VO4,1.74
Q16552,8USS,1.47
Q16570,7P93,1.55
Q16602,6V2E,1.83
Q16611,8CZF,1.3
Q16613,6T80,2.99
Q16630,7ZUD,2.93
Q16655,7TR4,2.3
Q16659,7AQB,2.25
Q16671,7L0J,2.6
Q16763,7AHF,2.15
Q16769,7CP0,1.7
Q16778,8UQA,2.049
Q16790,7POM,1.98
Q16825,8GVV,1.8
Q16832,7AYM,2.12
Q16850,6UEZ,1.98
Q1D4U9,8OYP,2.44
Q28EY6,7AHZ,1.82
Q29983,7FI9,2.16
Q29ST3,6YX5,2.14
Q2FXB0,7P8X,1.4
Q30069,6XC9,2.4
Q328D2,7AYE,2.95
Q3Y9I4,8AE4,1.79
Q495A1,8SZY,2.31
Q53H47,7S03,2.37
Q53Z42,7U1R,1.8
Q5S007,6OJF,1.6
Q5S3G3,8RHQ,2.0
Q5SRI9,6ZFN,1.1
Q5SS57,8EC5,1.22
Q5TZA2,6L5J,2.77
Q5VTY9,6UJO,2.25
Q5W0Q7,7P99,1.8
Q5W0Z9,7KHM,2.88
Q5ZSJ1,8IPJ,2.003
Q5ZTB4,7UYH,2.8
Q5ZTK4,6WTG,2.63
Q5ZTL3,6LP2,2.479
Q5ZTL4,6ULH,1.968
Q5ZXN5,8ALK,2.15
Q63UP7,7PPZ,2.52
Q63ZY3,6TMD,1.5
Q6BDI9,8A4A,2.52
Q6DKI7,8X6B,2.0
Q6GTX8,7F9L,2.7
Q6IQ23,7KJZ,2.43
Q6J5N4,7KKA,2.5
Q6MZV6,7TTZ,2.35
Q6NSI4,7SRK,2.5
Q6NSJ0,7QQH,2.25
Q6NW40,6Z3J,1.65
Q6NXT2,7W67,2.194
Q6NZB1,6SQK,1.4
Q6P179,7PFS,2.7
Q6P3Q9,7AHZ,1.82
Q6P988,7BNB,1.16
Q6PAL0,7V9F,2.5
Q6PJF2,8QH0,1.87
Q6PL18,8RU5,1.36
Q6TGC4,8QL0,1.675
Q6UVJ0,6Z4A,1.46
Q6UXT8,7MK7,2.42815184462
Q6ZMH5,7YF2,1.691
Q6ZMZ3,6WME,1.53
Q6ZNX1,6M7B,1.77
Q6ZSG1,7R71,2.8
Q6ZTN6,7RMA,2.0
Q70CQ3,8D1T,2.94
Q70EL1,8C61,2.5
Q73HU7,6W9R,1.82
Q76NL8,8WXW,1.86
Q76RI8,7QTW,1.41
Q7KQK5,8QU7,2.6
Q7KZI7,8TXY,2.1
Q7LC44,6YTU,0.95
Q7YRZ8,6SQS,1.83
Q7Z5P4,8G9V,2.645
Q7Z699,6V6F,2.542
Q7Z6A9,8F60,1.64
Q7Z739,8BS6,1.2
Q861F7,7KGT,1.9
Q86SQ9,6W2L,2.306
Q86TU7,6WK2,1.76
Q86U44,7RX7,1.645
Q86W56,7KG8,1.43
Q86WV6,6UKZ,1.52
Q8BZN6,8I5V,1.726
Q8C0J2,6Y09,2.4
Q8CDJ3,8GU7,2.6
Q8I0U8,8DFI,1.9
Q8I6T1,7UNB,2.18
Q8IM82,7F9L,2.7
Q8IWE5,8JCA,1.65
Q8IWT1,6VSV,1.62
Q8IXH6,7YO9,1.75
Q8IYW5,8UQA,2.049
Q8IZT8,7SCE,2.75
Q8N5J2,6TUV,2.16
Q8N5K1,7P0P,1.74
Q8N5M9,6WVD,2.25
Q8NB16,7MON,2.23
Q8NBK3,5SSX,1.02
Q8NBP7,7KFA,2.45
Q8NBR6,6Z7V,2.65
Q8NCN5,8FHU,1.801
Q8NDI1,6ZSI,1.914
Q8NDL9,8V3M,1.8
Q8NE01,6WUR,2.882
Q8NE86,6KVX,2.85
Q8NEN9,7F6J,2.1
Q8NFP0,8GSV,2.2
Q8NG06,8PD6,1.3
Q8TAX9,7WJQ,2.7
Q8TB36,8A4K,1.95
Q8TB45,7DKL,1.5
Q8TCG2,8A5X,2.4
Q8TE12,8IKE,2.6
Q8TEP8,8GUW,2.7
Q8WUX2,6KY1,2.04
Q8WVV5,8IH4,2.12
Q8WWH5,8JFX,2.2
Q8WWQ0,9GH3,1.19
Q8WX77,7MJ9,1.75
Q8WXX5,7CIZ,1.8
Q8WZ42,8ORL,1.43
Q8ZPY9,7DN8,2.6084
Q8ZRZ3,7A0Y,2.45
Q91TW9,7MIC,2.09
Q91WD9,8BAN,2.35
Q92583,8SKK,2.1
Q92622,6WCW,2.8
Q92692,8X6B,2.0
Q92729,6SUB,1.72
Q92731,7XVY,1.544
Q92743,6Z0Y,2.2
Q92847,7F83,2.94
Q92876,7QFT,1.47
Q92918,8FH4,1.827
Q92934,7Q16,2.356
Q92973,7CYL,2.7
Q94707,8GT1,1.35
Q95460,6W9U,1.89
Q969X0,6SQ2,1.684
Q96A83,7BFI,2.44
Q96AZ6,7UGB,1.9
Q96CV9,9B0B,1.7
Q96DT7,8GN4,1.9
Q96E22,6W2L,2.306
Q96EP0,9B0B,1.7
Q96EQ8,8GBQ,1.74
Q96EY8,7RUT,1.5
Q96FI4,8FTJ,2.3
Q96GG9,6XOO,2.06
Q96HA8,8JJW,1.4
Q96HY6,8C0D,2.564
Q96I99,7MSR,1.58
Q96JP0,6LBG,2.51
Q96L73,8C5L,2.6
Q96MF2,6UY9,1.6
Q96N28,8AG0,2.7
Q96NW7,7QQM,1.6
Q96PP8,7E5A,2.5
Q96PU5,7NMZ,2.303
Q96PZ2,8S9L,1.85
Q96Q77,6WU7,1.84
Q96Q83,8JNK,2.69
Q96RI1,8HD3,2.29
Q96RT1,7LUL,1.65
Q96SD1,7AFU,1.56
Q96SI1,8PNM,1.94
Q96SW2,7BQV,1.8
Q96SZ5,7REI,1.78
Q98142,7B7N,2.69
Q99442,7BRT,1.999
Q99538,8AE4,1.79
Q99638,8WU8,2.81
Q99685,7ZPG,1.16
Q99708,7BGF,2.802
Q99728,6M14,1.88001831059
Q99808,8TZI,2.7
Q99814,6X21,1.54
Q99972,7SKE,1.24
Q99986,6VXU,2.0
Q9BPX1,6ZR6,1.5
Q9BPZ7,7VV8,1.7
Q9BQA1,7MXG,2.395
Q9BQB6,6WVH,1.99
Q9BSD3,8WU8,2.81
Q9BV23,7OTS,1.792
Q9BV79,7AYB,1.85
Q9BVA6,7B7Z,1.7
Q9BXH1,7QTX,2.11598861103
Q9BXW6,8ZQ3,2.43
Q9BY41,7JVU,1.5004765401
Q9BYB0,7C7I,2.28
Q9BYE2,6KD5,2.6
Q9BYF1,7EKH,2.4
Q9BYJ9,7YYE,2.0
Q9BYN0,7LJ1,2.97
Q9C040,8AMS,2.4
Q9C0B1,7CKK,2.35
Q9DAG9,8JWJ,2.96
Q9GZT4,7NBG,1.53
Q9GZT9,7UJV,1.8
Q9H082,6Y09,2.4
Q9H0F5,7OJX,2.4
Q9H0J9,6V3W,2.04
Q9H0U4,8ALK,2.15
Q9H1A3,7YF2,1.691
Q9H1K1,6WIH,1.9
Q9H228,7YXA,2.2
Q9H244,7PP1,2.78
Q9H3E2,7SR2,2.42
Q9H3L0,6X8Z,2.5
Q9H4L5,7CYZ,2.1
Q9H6L5,7BRQ,1.404
Q9H6Y2,7KQQ,1.8
Q9H790,7LW7,2.5
Q9H7B4,7O2C,1.52
Q9H867,8HL7,2.8
Q9H993,6UMR,2.21
Q9H9L3,7YW5,2.77
Q9HAB8,7EDZ,1.95
Q9HAU4,7M3Q,2.5
Q9HAW4,7AKO,1.8
Q9HBE4,8ENT,2.83
Q9HBE5,8ENT,2.83
Q9HBH9,8P9B,2.59
Q9HC16,7UXD,1.5
Q9HC77,7Z0F,2.396
Q9HCE5,7RX7,1.645
Q9HCH5,7OPQ,2.23
Q9HCN6,7NMU,2.5
Q9HD34,6WIH,1.9
Q9HD40,8G9Z,2.07
Q9HD43,7XC0,1.56
Q9NP87,7KTK,1.419
Q9NPF7,8CR8,2.0
Q9NPG2,7VQG,1.35
Q9NQS7,9ESA,2.8
Q9NR31,8DZO,1.8
Q9NR48,6X0P,1.69
Q9NRW4,7C8S,1.31
Q9NRY4,6WAY,1.5
Q9NSU2,7TQO,1.25
Q9NSV4,6X2Y,2.304
Q9NTG7,8CCZ,1.95
Q9NV35,7B64,1.5
Q9NVJ2,8JCA,1.65
Q9NVS9,8QYW,2.746
Q9NVW2,6W7Z,1.8
Q9NWF9,7M4O,2.21
Q9NWS0,8BDU,2.471
Q9NWZ3,8BR7,2.119
Q9NX02,9C6V,1.7
Q9NX46,7ARW,1.31
Q9NXA8,8GBN,2.7
Q9NXH9,8D35,1.9
Q9NXL9,7DPD,2.55
Q9NXR1,7E1T,2.45
Q9NY33,7OUP,2.65
Q9NYG8,7LJ5,2.26
Q9NYV4,8BU1,2.98
Q9NZA1,8Q4J,2.51
Q9NZJ5,8EQE,2.559
Q9NZK7,6KQU,2.0
Q9NZL4,8X87,2.2
Q9NZL6,7SCX,1.96
Q9NZQ7,7YDS,2.3
Q9P0K1,8HQ2,2.93
Q9P2K8,7QWK,2.3
Q9PTN2,7BNU,2.4
Q9QR71,7BCY,1.5
Q9UBC3,6U8W,2.94891558608
Q9UBF8,8Q6F,1.506
Q9UBK2,6T1V,2.21
Q9UBL3,7W67,2.194
Q9UBZ9,6WS0,2.24
Q9UDY8,7PAW,2.19
Q9UGN5,7R59,2.0
Q9UGP5,7M49,1.6
Q9UH03,6UQQ,2.75
Q9UH99,6WME,1.53
Q9UHX1,7Z3X,1.65
Q9UI95,6M7B,1.77
Q9UIF9,7QYO,0.983
Q9UIK4,6PAW,2.953
Q9UJQ4,7BQV,1.8
Q9UJW3,6U8W,2.94891558608
Q9UKV5,8T0S,1.95
Q9ULR3,7N0Z,2.19
Q9ULW2,7X8T,2.51
Q9ULW8,7D5V,2.102
Q9ULZ3,6KI0,2.0
Q9UM73,9GBE,1.58
Q9UNA0,6YJM,2.25
Q9UNZ2,8HRZ,2.7
Q9UPN9,7ZDD,1.625
Q9UPX8,8B10,1.95
Q9UQ13,7TXH,1.95
Q9UQ84,7MXX,2.85
Q9UQB9,9ESA,2.8
Q9UQE7,8ROK,2.25
Q9UQF2,7NYO,1.4
Q9UQM7,6X5G,1.85
Q9V2J8,7FEE,2.7
Q9WV60,8VME,2.3
Q9WVG6,7OKP,2.2
Q9Y231,8D0P,1.09
Q9Y251,7RG8,1.3
Q9Y253,7M7T,1.46
Q9Y279,8TE6,1.251
Q9Y2C4,7R6T,2.9
Q9Y2I1,8ESF,2.56
Q9Y2K2,8R4V,1.9
Q9Y2T7,7F3K,1.76
Q9Y316,7M8H,1.75
Q9Y3C8,8BZR,1.781
Q9Y3Z3,7LTT,1.9
Q9Y4B6,9BHS,1.43
Q9Y4G2,8JC5,2.01
Q9Y572,7MON,2.23
Q9Y5K2,7JQK,1.33
Q9Y5L0,8CMK,2.945
Q9Y5N1,7F61,2.6
Q9Y5P1,6LBG,2.51
Q9Y5Y4,7M8W,2.61
Q9Y5Y6,8G1W,1.2
Q9Y5Z0,6UJ0,2.15
Q9Y616,6ZIW,2.18
Q9Y618,8B8Z,2.22
Q9Y697,6WIH,1.9
Q9Y6B6,8E0D,1.981
Q9Y6I9,7VED,2.02
Q9Y6K1,8TE1,2.48
Q9Y6K9,7T2U,2.1
Q9Y6N5,8DHK,2.3
Q9Y6W6,7Y4B,1.86
R5AK10,9C6X,1.7
U2EQ00,8VXU,2.29
U3N841,7WFC,2.6
U5YJJ6,8I5E,2.2
U5YJP1,6UJO,2.25
